step,0,1,2,3
0,0.4326632990018112,0.5480651097690573,0.5544696134598167,0.5766874163254537
1,0.4326632990018112,0.5345682457792233,0.5480651097690573,0.5950259107564195
2,0.4326632990018112,0.5480651097690573,0.5529462138928231,0.5786429310495281
3,0.45505172475939876,0.5297616950466284,0.5529462138928231,0.5786429310495281
4,0.4324586141428048,0.5449655641312969,0.5529462138928231,0.5786429310495281
5,0.4305493366332066,0.5449655641312969,0.5529462138928231,0.5834966679733438
6,0.4305493366332066,0.5437041899135762,0.5543526247163787,0.5834966679733438
7,0.4305493366332066,0.5377615163404282,0.5437041899135762,0.5975987891078488
8,0.4262649011340068,0.5377615163404282,0.5465796102673312,0.5975987891078488
9,0.42781793805028406,0.5377615163404282,0.5442514879278557,0.5975987891078488
10,0.431155018436814,0.5377615163404282,0.5450859581098069,0.5975987891078488
11,0.43186119545775964,0.5397402725548454,0.5450859581098069,0.5975987891078488
12,0.43186119545775964,0.5422829672314027,0.542750150100412,0.5975987891078488
13,0.4342415485407353,0.5390121469900755,0.5422829672314027,0.5975987891078488
14,0.43370037262781025,0.5390121469900755,0.5400436906617727,0.5975987891078488
15,0.43166461999534766,0.5390121469900755,0.5419774514862942,0.5975987891078488
16,0.43166461999534766,0.5376307194757391,0.5431638545463655,0.5975987891078488
17,0.4285872666847925,0.5376307194757391,0.5487619155056687,0.5975987891078488
18,0.4285872666847925,0.5422630196669246,0.5487619155056687,0.5955446075851037
19,0.4285872666847925,0.5392687387577503,0.5519445093913179,0.5955446075851037
20,0.4285872666847925,0.5402705127641585,0.5506050702234785,0.5955446075851037
21,0.4285872666847925,0.5506050702234785,0.5657188834031451,0.5702489158201153
22,0.4285872666847925,0.5499061396484504,0.5658067382032657,0.5702489158201153
23,0.4285872666847925,0.5453490450515824,0.5698826040015272,0.5702489158201153
24,0.4285872666847925,0.5453490450515824,0.5663862605881238,0.5739731147456469
25,0.4285872666847925,0.5453490450515824,0.5663862605881238,0.5739731147456469
26,0.42910480838926,0.5462969967471064,0.5663862605881238,0.5739731147456469
27,0.42813514437040834,0.5444895245833311,0.5663862605881238,0.5739731147456469
28,0.42813514437040834,0.5536242847207818,0.5583229828343649,0.5739731147456469
29,0.42813514437040834,0.5536242847207818,0.5583229828343649,0.5739731147456469
30,0.42926788853533693,0.556196283887301,0.5583229828343649,0.5739731147456469
31,0.42588310143564495,0.55347085918313,0.556196283887301,0.5739731147456469
32,0.42588310143564495,0.55347085918313,0.5595949750095824,0.5703681225647198
33,0.4276343461986934,0.5563940892740353,0.5595949750095824,0.5703681225647198
34,0.42878057835142913,0.5575532365813131,0.5595949750095824,0.5703681225647198
35,0.42878057835142913,0.5575532365813131,0.560631169213057,0.5694929524759885
36,0.42878057835142913,0.5557636191767873,0.5575532365813131,0.574000942542698
37,0.42878057835142913,0.5557636191767873,0.5575532365813131,0.574000942542698
38,0.4276211123514914,0.5557636191767873,0.5575532365813131,0.5709126787874039
39,0.4276211123514914,0.5566808534684033,0.5575532365813131,0.570039248716398
40,0.4276211123514914,0.5566808534684033,0.5575532365813131,0.570039248716398
41,0.4276211123514914,0.5532088643679992,0.5575532365813131,0.5739755665910118
42,0.4276211123514914,0.55175489452794,0.5575532365813131,0.5755678243043011
43,0.4377741934626698,0.5438655538169023,0.5575532365813131,0.5755678243043011
44,0.43377279850970807,0.5493536191464357,0.5575532365813131,0.5755678243043011
45,0.43377279850970807,0.5493536191464357,0.5575532365813131,0.5755678243043011
46,0.43377279850970807,0.5543367832878278,0.5575532365813131,0.570039248716398
47,0.43495038446557865,0.5543367832878278,0.5575532365813131,0.570757444527444
48,0.4380081187166613,0.5428799039133259,0.5575532365813131,0.570757444527444
49,0.43179273906675036,0.5558164226255227,0.5575532365813131,0.570757444527444
50,0.43900140458141407,0.5500709654740414,0.5575532365813131,0.570757444527444
51,0.43900140458141407,0.5500709654740414,0.5549066975115924,0.5735710756883741
52,0.468193370286791,0.5173115479397673,0.5549066975115924,0.5735710756883741
53,0.4436888036563627,0.537306052855925,0.5549066975115924,0.5735710756883741
54,0.4436888036563627,0.537306052855925,0.5641278404883249,0.5645087009878955
55,0.45073185923388354,0.5376074376145366,0.5641278404883249,0.5645087009878955
56,0.45690629439876007,0.5287659412473827,0.5641278404883249,0.5645087009878955
57,0.43085921522646087,0.551827778014524,0.5641278404883249,0.5645087009878955
58,0.43867630075845065,0.5495725217674172,0.5641278404883249,0.5645087009878955
59,0.46064158923288473,0.5273336075645906,0.5641278404883249,0.5645087009878955
60,0.4386473096468264,0.5473696387028778,0.5641278404883249,0.5645087009878955
61,0.43596658984291997,0.5473696387028778,0.5639370221824176,0.5641278404883249
62,0.43596658984291997,0.5287876371605389,0.5473696387028778,0.5975987891078488
63,0.43596658984291997,0.5378238715836682,0.5383038099002312,0.5975987891078488
64,0.43596658984291997,0.5371725811594662,0.5390989900971752,0.5975987891078488
65,0.43596658984291997,0.5371725811594662,0.5390989900971752,0.5975987891078488
66,0.43596658984291997,0.5361070090435335,0.5402789398763407,0.5975987891078488
67,0.43596658984291997,0.5361070090435335,0.5545614490056392,0.5867068319219806
68,0.4316874694077337,0.5470308424121528,0.5545614490056392,0.5867068319219806
69,0.4508965321732114,0.5226920646692738,0.5545614490056392,0.5867068319219806
70,0.4508965321732114,0.5226920646692738,0.545267590328715,0.5931002052402389
71,0.4508965321732114,0.5242807980386424,0.5430015613835446,0.5931002052402389
72,0.45733569225373183,0.5217394743711782,0.5430015613835446,0.5931002052402389
73,0.45733569225373183,0.5217394743711782,0.5667704485488126,0.5711149096696236
74,0.45669072810056055,0.5217394743711782,0.5657585971222087,0.5711149096696236
75,0.44947171242140765,0.5217394743711782,0.5644018754445471,0.5711149096696236
76,0.44947171242140765,0.5223498204983434,0.5644018754445471,0.5701057846975999
77,0.44947171242140765,0.5253931632102063,0.5644018754445471,0.5685396634615385
78,0.44947171242140765,0.5211221918604501,0.5644018754445471,0.5724604797287189
79,0.44947171242140765,0.5211221918604501,0.5480153082669066,0.5886893560014035
80,0.42664213226274117,0.5436606600206799,0.5480153082669066,0.5886893560014035
81,0.42664213226274117,0.5378895335263062,0.5541356034267568,0.5886893560014035
82,0.42664213226274117,0.5394438290791804,0.5529434230487689,0.5886893560014035
83,0.42664213226274117,0.5394438290791804,0.556900431998134,0.5869427352487971
84,0.42664213226274117,0.5394438290791804,0.556900431998134,0.5869427352487971
85,0.42315078471624396,0.5435993401127718,0.556900431998134,0.5869427352487971
86,0.4287698774422325,0.5464132628163701,0.556900431998134,0.5869427352487971
87,0.4287698774422325,0.5430204772493445,0.5464132628163701,0.5958632264469843
88,0.42818450834079874,0.5430204772493445,0.5449897193765768,0.5958632264469843
89,0.42818450834079874,0.5449897193765768,0.5607419604294785,0.5816356555603635
90,0.42818450834079874,0.5449897193765768,0.5452770133344971,0.5945248873108688
91,0.4313096279969315,0.5383715500750611,0.5452770133344971,0.5945248873108688
92,0.4313096279969315,0.5315662510381896,0.5515645231738615,0.5945248873108688
93,0.42702853647509376,0.5374519158446693,0.5515645231738615,0.5945248873108688
94,0.42702853647509376,0.5384312138302961,0.5515645231738615,0.5947624045102873
95,0.42813479685400674,0.5384312138302961,0.5523544136400133,0.5947624045102873
96,0.42813479685400674,0.537068750565135,0.5530624850310724,0.5947624045102873
97,0.44729727210009135,0.5332297913198382,0.537068750565135,0.5947624045102873
98,0.4603768910999925,0.5229283640502896,0.537068750565135,0.5947624045102873
99,0.434828900634765,0.537068750565135,0.543148956544468,0.5947624045102873
100,0.434828900634765,0.5294563008266504,0.5503184015966117,0.5947624045102873
101,0.434828900634765,0.5337423809922467,0.5503184015966117,0.5905643520609071
102,0.434828900634765,0.5344121124877899,0.5504486821430249,0.5905643520609071
103,0.44338616315368407,0.5292442106552162,0.5504486821430249,0.5905643520609071
104,0.44338616315368407,0.5292442106552162,0.5512287223058088,0.588900916948747
105,0.44338616315368407,0.5292442106552162,0.5500403166596681,0.5914523990355192
106,0.44338616315368407,0.5292442106552162,0.5494115927198304,0.5915234488785319
107,0.46108213892564465,0.5083621778057786,0.5494115927198304,0.5915234488785319
108,0.4720209839136337,0.5083621778057786,0.5389676838111803,0.5915234488785319
109,0.4720209839136337,0.5083621778057786,0.5375719504164924,0.5949642210578867
110,0.4724637069547603,0.5083621778057786,0.5406546321849391,0.5949642210578867
111,0.4607064080085968,0.5083621778057786,0.5466309716268929,0.5949642210578867
112,0.4323194491733818,0.5379163732233041,0.5466309716268929,0.5949642210578867
113,0.43171108404000325,0.5413789951391578,0.5466309716268929,0.5949642210578867
114,0.43171108404000325,0.5393584842414423,0.5485785036907231,0.5949642210578867
115,0.428012405609493,0.540328694568491,0.5485785036907231,0.5949642210578867
116,0.428012405609493,0.5419325825753047,0.5485785036907231,0.5916755197317765
117,0.428012405609493,0.5419325825753047,0.5485785036907231,0.5916755197317765
118,0.428012405609493,0.5388692488323484,0.5519461432209496,0.5916755197317765
119,0.428012405609493,0.5355447227168691,0.5556175290379542,0.5916755197317765
120,0.428012405609493,0.5425151388626639,0.5481034909506034,0.5916755197317765
121,0.42825212936244933,0.5425151388626639,0.5487267011232297,0.5916755197317765
122,0.42743556258162074,0.5425151388626639,0.546515869215137,0.5916755197317765
123,0.42743556258162074,0.5464096906703978,0.546515869215137,0.5896030207576125
124,0.42743556258162074,0.546515869215137,0.5477821775768497,0.5863521442197359
125,0.42743556258162074,0.5452075922286624,0.5477821775768497,0.5875163778250249
126,0.42743556258162074,0.542158518269536,0.5504794460293323,0.5875163778250249
127,0.42743556258162074,0.542158518269536,0.5440389282438769,0.5947411003236246
128,0.42743556258162074,0.5353362257063449,0.5511107546300849,0.5947411003236246
129,0.42743556258162074,0.5369009855686427,0.5493170157588233,0.5947411003236246
130,0.42743556258162074,0.5369009855686427,0.5493170157588233,0.5947411003236246
131,0.4291183437051971,0.5408423739629866,0.5493170157588233,0.5947411003236246
132,0.43382429289363295,0.5408423739629866,0.5453813964334494,0.5947411003236246
133,0.43205572983434437,0.54044431785816,0.5408423739629866,0.5947411003236246
134,0.43205572983434437,0.54044431785816,0.542918918918919,0.5940412908277741
135,0.43205572983434437,0.54044431785816,0.5639344833247921,0.5746490719103157
136,0.43205572983434437,0.5467211096520026,0.5639344833247921,0.5664462372040947
137,0.43205572983434437,0.5418824575232735,0.5639344833247921,0.5724869577029883
138,0.43122390192707055,0.5418824575232735,0.5637236620142708,0.5724869577029883
139,0.43122390192707055,0.5356366159406976,0.5418824575232735,0.5958632264469843
140,0.42850701685171616,0.5356366159406976,0.5433130310476417,0.5958632264469843
141,0.42850701685171616,0.5433130310476417,0.5620940045625562,0.5741328114455392
142,0.42850701685171616,0.5433130310476417,0.5505796262763912,0.5837951397050093
143,0.42850701685171616,0.5362589239897769,0.5577774075655189,0.5837951397050093
144,0.4321636485729032,0.5344333761024843,0.5577774075655189,0.5837951397050093
145,0.4321636485729032,0.5344333761024843,0.5660350294815247,0.5762632214761798
146,0.4321636485729032,0.5344333761024843,0.5671006240270088,0.5750537334532219
147,0.4321636485729032,0.5456140801644399,0.5553081878148887,0.5750537334532219
148,0.4321636485729032,0.5445671196211653,0.5563399325739099,0.5750537334532219
149,0.43559442212242966,0.5445671196211653,0.5568874209140358,0.5750537334532219
150,0.43455331465377234,0.5474058201930296,0.5568874209140358,0.5750537334532219
151,0.45992385964723076,0.5210285286440304,0.5568874209140358,0.5750537334532219
152,0.45992385964723076,0.5210285286440304,0.5560606688921603,0.5762632214761798
153,0.4619751775472978,0.5210285286440304,0.5560606688921603,0.5771014909051511
154,0.4619751775472978,0.5187152486565403,0.5580241842314703,0.5771014909051511
155,0.461155111852619,0.5179576835003943,0.5580241842314703,0.5771014909051511
156,0.46772197386207665,0.5179576835003943,0.5580241842314703,0.5752072661845974
157,0.46772197386207665,0.5196363196661633,0.5555510862843094,0.5752072661845974
158,0.46772197386207665,0.5174883707149418,0.5593681103342693,0.5752072661845974
159,0.46772197386207665,0.5170605625810033,0.5596571768798082,0.5752072661845974
160,0.4643554554701566,0.5170605625810033,0.5596571768798082,0.5735330974125573
161,0.4643554554701566,0.5170605625810033,0.5579158526635678,0.5760143777302601
162,0.4643554554701566,0.5170605625810033,0.5596046859595821,0.5732191632025894
163,0.4643554554701566,0.5127880824888924,0.5636546654059854,0.5732191632025894
164,0.4641819784832242,0.5132022174891618,0.5636546654059854,0.5732191632025894
165,0.4641819784832242,0.5180331487831983,0.5587117930124369,0.5732191632025894
166,0.4644849484710523,0.5189093453560288,0.5587117930124369,0.5732191632025894
167,0.4644849484710523,0.5189093453560288,0.5587117930124369,0.5732191632025894
168,0.4644849484710523,0.5189093453560288,0.5575316960723469,0.5751453164141525
169,0.42386073250865963,0.5519295007032349,0.5575316960723469,0.5751453164141525
170,0.4288644228068774,0.5566775535534904,0.5575316960723469,0.5751453164141525
171,0.4288644228068774,0.5566775535534904,0.5580598339840611,0.5750308263026578
172,0.4283755622793484,0.5566775535534904,0.5573370051230286,0.5750308263026578
173,0.4644304411051866,0.5170060105742502,0.5573370051230286,0.5750308263026578
174,0.4696253454148191,0.5170060105742502,0.5588638378354206,0.5750308263026578
175,0.46704568925220946,0.5170060105742502,0.5588638378354206,0.5718652377322392
176,0.46342423088813545,0.5238129055506019,0.5588638378354206,0.5718652377322392
177,0.46342423088813545,0.5238129055506019,0.5578421009623875,0.5728034887594914
178,0.46955266018724345,0.5149253359880538,0.5578421009623875,0.5728034887594914
179,0.4375781794370241,0.541146933503929,0.5578421009623875,0.5728034887594914
180,0.4375781794370241,0.541146933503929,0.5578421009623875,0.5728034887594914
181,0.4375781794370241,0.5397772087067861,0.5581859768198777,0.5728034887594914
182,0.4375781794370241,0.5388058622185797,0.5604339606700041,0.5728034887594914
183,0.4380840934228876,0.5426412306207639,0.5604339606700041,0.5728034887594914
184,0.4380840934228876,0.5426412306207639,0.5565994118049381,0.5757838358307757
185,0.4380840934228876,0.532681019685957,0.5426412306207639,0.5987377981369385
186,0.4380840934228876,0.5359241219640049,0.5394641334020905,0.5987377981369385
187,0.4380840934228876,0.5358976975138592,0.5399355138414345,0.5987377981369385
188,0.430128228508308,0.5399355138414345,0.5458151576497038,0.5987377981369385
189,0.430128228508308,0.5426870069179879,0.5433367487634878,0.5987377981369385
190,0.430128228508308,0.5428181005151163,0.5432459415473406,0.5987377981369385
191,0.430128228508308,0.5373985108449336,0.5487402835415306,0.5987377981369385
192,0.430128228508308,0.5426542755900248,0.5433734386480529,0.5987377981369385
193,0.4321636485729032,0.5352115388318666,0.5426542755900248,0.5987377981369385
194,0.4323462053076715,0.5352115388318666,0.5439978743940397,0.5987377981369385
195,0.4323462053076715,0.5359513204307828,0.5427844226022771,0.5987377981369385
196,0.4323462053076715,0.537393340321522,0.5414618576444302,0.5987377981369385
197,0.4315292805476127,0.5382120875646182,0.5414618576444302,0.5987377981369385
198,0.4315292805476127,0.5382120875646182,0.5689309304411645,0.5730560982959572
199,0.4315292805476127,0.5374146562276513,0.5670277253304183,0.5730560982959572
200,0.4338747286971817,0.5367732732242222,0.5670277253304183,0.5730560982959572
201,0.4338747286971817,0.5362806523776658,0.5678719769755793,0.5730560982959572
202,0.4338747286971817,0.5362806523776658,0.5683143860484495,0.572689700043622
203,0.4338747286971817,0.5409557760382909,0.5657680033115677,0.572689700043622
204,0.4338747286971817,0.5391841553524539,0.5670611053169493,0.572689700043622
205,0.4482920859396247,0.5247435997512169,0.5670611053169493,0.572689700043622
206,0.4482920859396247,0.5235631272849769,0.5690705307225423,0.572689700043622
207,0.4482920859396247,0.5235549440305856,0.5664666845505667,0.572689700043622
208,0.4519158154897668,0.5235549440305856,0.5707466045165956,0.572689700043622
209,0.4533849662881921,0.5235549440305856,0.5707466045165956,0.5729425997580412
210,0.43053072214392396,0.5420347392056392,0.5707466045165956,0.5729425997580412
211,0.43037678636987886,0.5420347392056392,0.5663160458890815,0.5729425997580412
212,0.4523305473314643,0.5243427332337317,0.5663160458890815,0.5729425997580412
213,0.4523305473314643,0.5243427332337317,0.562460002717962,0.5773633406777883
214,0.4561640771170585,0.5243427332337317,0.5619031625229957,0.5773633406777883
215,0.4367362924959213,0.5420247855100095,0.5619031625229957,0.5773633406777883
216,0.45717354523010667,0.5216743522483804,0.5619031625229957,0.5773633406777883
217,0.45717354523010667,0.5250988209592117,0.5619031625229957,0.5721370352922106
218,0.45717354523010667,0.5250988209592117,0.5513564093248403,0.5818313279175592
219,0.45717354523010667,0.5250988209592117,0.5652452124152395,0.5689806165343297
220,0.45717354523010667,0.5250988209592117,0.5652452124152395,0.5689806165343297
221,0.45717354523010667,0.5288747965897357,0.5640527500804117,0.5652452124152395
222,0.45717354523010667,0.5288747965897357,0.5640527500804117,0.5652452124152395
223,0.4556947129107535,0.5288747965897357,0.5640527500804117,0.571061674164866
224,0.4561258641288781,0.5261641535773872,0.5640527500804117,0.571061674164866
225,0.4561258641288781,0.5238220570645306,0.5665671024218679,0.571061674164866
226,0.4561258641288781,0.5238220570645306,0.5640672185878997,0.5732705457487641
227,0.44892375539747637,0.5273403694456326,0.5640672185878997,0.5732705457487641
228,0.45711948820538467,0.5222038072520562,0.5640672185878997,0.5732705457487641
229,0.45889015083164386,0.5222038072520562,0.5640672185878997,0.5696645395298316
230,0.42697111684243216,0.5511531382877451,0.5640672185878997,0.5696645395298316
231,0.43685845119025446,0.5405033602453656,0.5640672185878997,0.5696645395298316
232,0.4378198301520985,0.5398994974874372,0.5640672185878997,0.5696645395298316
233,0.4378198301520985,0.539899880738818,0.56413917667211,0.5696645395298316
234,0.4378198301520985,0.5406682767885941,0.5630029626205535,0.5696645395298316
235,0.45790394811345037,0.5258420855668243,0.5630029626205535,0.5696645395298316
236,0.4481875105489902,0.5258420855668243,0.5646215139442231,0.5696645395298316
237,0.45790394811345037,0.5258420855668243,0.5630029626205535,0.5696645395298316
238,0.42772628066655305,0.5475097481398957,0.5630029626205535,0.5696645395298316
239,0.42772628066655305,0.5475097481398957,0.562429095762429,0.5703648824774148
240,0.42772628066655305,0.5475097481398957,0.562429095762429,0.5703648824774148
241,0.42772628066655305,0.5475097481398957,0.5660747963210289,0.5668579688393187
242,0.42772628066655305,0.5475097481398957,0.5660747963210289,0.5668579688393187
243,0.4578623071705959,0.5246872437779365,0.5660747963210289,0.5668579688393187
244,0.4578623071705959,0.5253160509092459,0.5651892721151701,0.5668579688393187
245,0.42761692022974196,0.5475097481398957,0.5651892721151701,0.5668579688393187
246,0.42761692022974196,0.5480379253192942,0.5651892721151701,0.566706346043589
247,0.4406784143532293,0.5424697161453625,0.5651892721151701,0.566706346043589
248,0.4406784143532293,0.5424697161453625,0.5618431948711099,0.5696452926553235
249,0.45165158847043974,0.5321947710279524,0.5618431948711099,0.5696452926553235
250,0.4601898397829531,0.525991376529537,0.5618431948711099,0.5696452926553235
251,0.4445697601347921,0.5354525362083847,0.5618431948711099,0.5696452926553235
252,0.4445697601347921,0.5354525362083847,0.5580510480098786,0.5732191632025894
253,0.4445697601347921,0.5334774443708877,0.5354525362083847,0.5946925361845333
254,0.4330032288604038,0.5334774443708877,0.5447891621286701,0.5946925361845333
255,0.4604745257023576,0.5222732807238307,0.5334774443708877,0.5946925361845333
256,0.4604745257023576,0.5222732807238307,0.5334774443708877,0.5946925361845333
257,0.440940261264466,0.5334774443708877,0.5440814393939394,0.5946925361845333
258,0.440940261264466,0.5323240938166311,0.5440814393939394,0.5964999006479691
259,0.4405508557938225,0.5323240938166311,0.5434200728007457,0.5964999006479691
260,0.4405508557938225,0.5346189225248817,0.5409604555329277,0.5964999006479691
261,0.4405508557938225,0.5346189225248817,0.5409604555329277,0.5964999006479691
262,0.45974580503395923,0.5257385037857744,0.5346189225248817,0.5964999006479691
263,0.45164005767806803,0.5257385037857744,0.539790994655692,0.5964999006479691
264,0.4568881392380229,0.5257385037857744,0.5360310690946829,0.5964999006479691
265,0.45741524726630617,0.520552536566732,0.5360310690946829,0.5964999006479691
266,0.4573121652373656,0.5221228002037759,0.5360310690946829,0.5964999006479691
267,0.4573121652373656,0.5221228002037759,0.5374780987735314,0.5959054129293196
268,0.4573121652373656,0.5221228002037759,0.5634476693967176,0.5722226127474117
269,0.4573121652373656,0.5242944677210333,0.5612921563667751,0.5722226127474117
270,0.4583166975895786,0.5242944677210333,0.5612921563667751,0.5739657441296212
271,0.4583166975895786,0.5242944677210333,0.5519699879098215,0.5839956499589544
272,0.46236570108306196,0.5242944677210333,0.5500142935107462,0.5839956499589544
273,0.46236570108306196,0.5242944677210333,0.53982596875786,0.5927968177353293
274,0.46236570108306196,0.5242944677210333,0.5661004575734269,0.5676520421371668
275,0.4585852357270205,0.5242944677210333,0.5661004575734269,0.5661379769854669
276,0.4585852357270205,0.5242944677210333,0.5590577757179775,0.5733876340559892
277,0.4613999702873316,0.5255496941752645,0.5590577757179775,0.5733876340559892
278,0.4424339970405753,0.542530764837219,0.5590577757179775,0.5733876340559892
279,0.43325070336022464,0.5457196237725283,0.5590577757179775,0.5733876340559892
280,0.43277119596545577,0.5505760991213176,0.5590577757179775,0.5733876340559892
281,0.43277119596545577,0.5477158267496558,0.5590577757179775,0.576799339144847
282,0.44262567183054063,0.5382065982699658,0.5590577757179775,0.576799339144847
283,0.44262567183054063,0.5367988042148955,0.5608973619221271,0.576799339144847
284,0.43196342125503323,0.5367988042148955,0.5608973619221271,0.5775255363561133
285,0.4506710152273078,0.5221096135022548,0.5608973619221271,0.5775255363561133
286,0.45090598485899497,0.5221096135022548,0.5619829563737142,0.5775255363561133
287,0.43125768082255006,0.5382277100069424,0.5619829563737142,0.5775255363561133
288,0.43125768082255006,0.5382277100069424,0.5414093759811933,0.5954122420044737
289,0.42758481352691097,0.5392211174932696,0.5414093759811933,0.5954122420044737
290,0.4303944797771958,0.5414093759811933,0.5462506943158675,0.5954122420044737
291,0.43182326724984404,0.5414093759811933,0.5433101284490837,0.5954122420044737
292,0.43182326724984404,0.5433101284490837,0.5559826816785071,0.5846875113823803
293,0.4528858550989852,0.5233135418924706,0.5559826816785071,0.5846875113823803
294,0.4528858550989852,0.5233135418924706,0.5409173388431942,0.5964999006479691
295,0.4498529011168619,0.5233135418924706,0.5398130642430317,0.5964999006479691
296,0.4498529011168619,0.52271135258227,0.5416208694522202,0.5964999006479691
297,0.4498529011168619,0.52271135258227,0.5416208694522202,0.5964999006479691
298,0.4498529011168619,0.5252670849584534,0.5379148894259544,0.5964999006479691
299,0.44401361189820904,0.5313390806280326,0.5379148894259544,0.5964999006479691
300,0.44401361189820904,0.5379148894259544,0.5581444100172818,0.5726380395898526
301,0.4509166727327558,0.5379148894259544,0.5581444100172818,0.5710236360871184
302,0.4509166727327558,0.5456260146481108,0.5504303087484818,0.5710236360871184
303,0.4451581441775055,0.5504303087484818,0.5535530459388327,0.5710236360871184
304,0.47438838209874207,0.5246993609506115,0.5504303087484818,0.5710236360871184
305,0.4346926509619118,0.5504303087484818,0.5584464747206348,0.5710236360871184
306,0.4346926509619118,0.5504303087484818,0.5584464747206348,0.5710236360871184
307,0.4346926509619118,0.5511188555149034,0.5584464747206348,0.5698639179055791
308,0.4346926509619118,0.5504303087484818,0.5584464747206348,0.5710236360871184
309,0.4346926509619118,0.5361762911676177,0.5710236360871184,0.5730288451860948
310,0.4270128683878247,0.5423280357493665,0.5710236360871184,0.5730288451860948
311,0.4270128683878247,0.5392614066044871,0.5710236360871184,0.5756345177664974
312,0.4425863349475317,0.5231571887150626,0.5710236360871184,0.5756345177664974
313,0.4425863349475317,0.5410262862452092,0.5581054439397173,0.5710236360871184
314,0.437416943993276,0.5410262862452092,0.5581054439397173,0.5714992603043537
315,0.4381090389203058,0.5426485165034817,0.5581054439397173,0.5714992603043537
316,0.4391304347826087,0.5437473851876868,0.5581054439397173,0.5714992603043537
317,0.4404583667723559,0.5437473851876868,0.5603193662902184,0.5714992603043537
318,0.4404583667723559,0.5437473851876868,0.5649273699822879,0.5671041740569942
319,0.44329316393680845,0.5423611909414875,0.5649273699822879,0.5671041740569942
320,0.44329316393680845,0.5266422898152325,0.5649273699822879,0.581791987389453
321,0.44329316393680845,0.5266422898152325,0.570052335578432,0.5766652886155754
322,0.43774237515857617,0.5264083943824178,0.570052335578432,0.5766652886155754
323,0.43774237515857617,0.5264083943824178,0.5618952310915344,0.5848590756508925
324,0.43774237515857617,0.5397722451334793,0.5483028117500609,0.5848590756508925
325,0.43774237515857617,0.5397722451334793,0.5580839642260764,0.5751453164141525
326,0.43657476365626047,0.5412055078608966,0.5580839642260764,0.5751453164141525
327,0.43657476365626047,0.5412055078608966,0.557257977812393,0.5764395153872435
328,0.431337635167756,0.5527312898130272,0.557257977812393,0.5764395153872435
329,0.431337635167756,0.5527312898130272,0.5637283088226063,0.5696124039120675
330,0.431337635167756,0.5566817326282634,0.5637283088226063,0.5656801175313149
331,0.431337635167756,0.5566817326282634,0.5583229828343649,0.5707848452373447
332,0.431337635167756,0.553981878503485,0.5583229828343649,0.5732012520824462
333,0.44087985827637766,0.5385117621166919,0.5583229828343649,0.5732012520824462
334,0.44087985827637766,0.5403664451056923,0.5565477061802852,0.5732012520824462
335,0.4435978977328189,0.5446970657243597,0.5565477061802852,0.5732012520824462
336,0.4340331865899086,0.5526707196669158,0.5565477061802852,0.5732012520824462
337,0.4340331865899086,0.549457178863846,0.5565477061802852,0.5762861410672877
338,0.4340331865899086,0.5493672530727853,0.5565477061802852,0.575952866796831
339,0.4312249893884263,0.5493672530727853,0.5563208718372266,0.575952866796831
340,0.43200101175060346,0.5493672530727853,0.5521747147573448,0.575952866796831
341,0.43200101175060346,0.5500024813895782,0.5516320246954763,0.575952866796831
342,0.43200101175060346,0.5500024813895782,0.554194021838169,0.5750308263026578
343,0.43200101175060346,0.5515569719737414,0.554194021838169,0.5728337476613957
344,0.4309376913676498,0.554194021838169,0.5547324484860411,0.5728337476613957
345,0.43897045723687655,0.5498644581743997,0.5547324484860411,0.5728337476613957
346,0.46993340463153854,0.519113321088862,0.5547324484860411,0.5728337476613957
347,0.46993340463153854,0.521029097921792,0.5524902186953293,0.5728337476613957
348,0.4412365305125404,0.5452455748645466,0.5524902186953293,0.5728337476613957
349,0.4412365305125404,0.5452455748645466,0.5508975284142161,0.5750308263026578
350,0.4365306016865849,0.5508975284142161,0.5559194891612077,0.5750308263026578
351,0.4411810723196812,0.5452875584704259,0.5508975284142161,0.5750308263026578
352,0.43843121534041557,0.5463884197828709,0.5508975284142161,0.5750308263026578
353,0.43247554712073155,0.5508975284142161,0.5568100805364732,0.5750308263026578
354,0.4411793360111119,0.5440180477977102,0.5508975284142161,0.5750308263026578
355,0.4411793360111119,0.5470491203714071,0.5508975284142161,0.5709413282902457
356,0.4411793360111119,0.5470491203714071,0.5499086134348293,0.5719017753493417
357,0.4411793360111119,0.5470491203714071,0.5475757005043212,0.5732191632025894
358,0.4411793360111119,0.528231643717208,0.5652935521595212,0.5732191632025894
359,0.4411793360111119,0.5454465932742798,0.5491328310663902,0.5732191632025894
360,0.4447790998047383,0.5427021486953055,0.5491328310663902,0.5732191632025894
361,0.4447790998047383,0.5427021486953055,0.5597883887127394,0.5629852154375163
362,0.4424203807781118,0.5427021486953055,0.5597883887127394,0.5668579688393187
363,0.45794640277184995,0.5297993363460777,0.5597883887127394,0.5668579688393187
364,0.4397604524669328,0.5484076518029727,0.5597883887127394,0.5668579688393187
365,0.4397604524669328,0.541014384988031,0.5668579688393187,0.5687256180342032
366,0.4397604524669328,0.5475996598551808,0.5596380156102747,0.5687256180342032
367,0.4380799588578584,0.5435935944505458,0.5596380156102747,0.5687256180342032
368,0.4380799588578584,0.5440547712025633,0.5596380156102747,0.5676281908670469
369,0.4380799588578584,0.5423403622635655,0.5596380156102747,0.5685465487371204
370,0.4380799588578584,0.5440547712025633,0.5596380156102747,0.5676281908670469
371,0.4393949428454111,0.5482451636346402,0.5596380156102747,0.5676281908670469
372,0.43937958259820475,0.5482451636346402,0.5596380156102747,0.5666989693453641
373,0.43937958259820475,0.5426191449443972,0.5649010978874829,0.5666989693453641
374,0.4425844314151604,0.5365076139553197,0.5649010978874829,0.5666989693453641
375,0.4432374821019088,0.5365076139553197,0.5649010978874829,0.5690069290207604
376,0.4432374821019088,0.536144300522536,0.5666045946817942,0.5690069290207604
377,0.4432374821019088,0.536144300522536,0.5666045946817942,0.5690069290207604
378,0.43963261558385036,0.5406895127485858,0.5666045946817942,0.5690069290207604
379,0.43963261558385036,0.5406895127485858,0.5666045946817942,0.5690069290207604
380,0.43963261558385036,0.5442169844450412,0.5641573562212657,0.5666045946817942
381,0.43963261558385036,0.5442169844450412,0.5653272990438913,0.5654285130811645
382,0.43963261558385036,0.5397982482875087,0.5653272990438913,0.5707593771913132
383,0.43963261558385036,0.5421284286301724,0.562619747414459,0.5707593771913132
384,0.43963261558385036,0.5390545487121169,0.562619747414459,0.5746490719103157
385,0.43963261558385036,0.5390545487121169,0.5449271497554229,0.5914148023991204
386,0.43963261558385036,0.5390545487121169,0.563760319953565,0.5732877089190315
387,0.43972012485256,0.5382504211894092,0.563760319953565,0.5732877089190315
388,0.43972012485256,0.5469984364962973,0.5549005655996967,0.5732877089190315
389,0.43972012485256,0.5297035252617602,0.5722016375733223,0.5732877089190315
390,0.4506739769025457,0.5297035252617602,0.5657934278434703,0.5732877089190315
391,0.4506739769025457,0.5363289903410132,0.5589703834126087,0.5732877089190315
392,0.44128655384640514,0.5363289903410132,0.5621637545155194,0.5732877089190315
393,0.44128655384640514,0.5363289903410132,0.5637155182453175,0.5717224750229105
394,0.44128655384640514,0.5445221915663926,0.5631248237591313,0.5637155182453175
395,0.43750413022886975,0.546814098066729,0.5631248237591313,0.5637155182453175
396,0.43750413022886975,0.5455869675851397,0.5632716126299001,0.5637155182453175
397,0.4315387580155772,0.5455869675851397,0.5637155182453175,0.5771684905585476
398,0.4315387580155772,0.5455869675851397,0.5637155182453175,0.5771684905585476
399,0.4315387580155772,0.5455869675851397,0.5592735930322794,0.5815936481595997
400,0.4315387580155772,0.5455869675851397,0.5653058067918749,0.5752283267235923
401,0.4315387580155772,0.5455869675851397,0.5653058067918749,0.5752283267235923
402,0.4315387580155772,0.5455869675851397,0.5653595037175074,0.5745620516647003
403,0.4315387580155772,0.5341188696071403,0.5653595037175074,0.5872159119490528
404,0.4287894821405816,0.5341188696071403,0.5591859303110083,0.5872159119490528
405,0.47427711928804767,0.520089711392541,0.5341188696071403,0.5872159119490528
406,0.47427711928804767,0.5169242436195309,0.5381582378334813,0.5872159119490528
407,0.4315387580155772,0.5381582378334813,0.5597629670727666,0.5872159119490528
408,0.43153435429267795,0.5381582378334813,0.5578728131777473,0.5872159119490528
409,0.43153435429267795,0.5381582378334813,0.5468896104771015,0.5952082799707811
410,0.43153435429267795,0.5381582378334813,0.5630113637828736,0.581762683736368
411,0.4320968442089227,0.5337199950271856,0.5630113637828736,0.581762683736368
412,0.47825520833333335,0.518080886205434,0.5337199950271856,0.581762683736368
413,0.47825520833333335,0.514261791234852,0.5337199950271856,0.5852079441549504
414,0.47825520833333335,0.5147732511943183,0.533626455770783,0.5852079441549504
415,0.447619219429726,0.533626455770783,0.5500428931424588,0.5852079441549504
416,0.447619219429726,0.5323203819175782,0.5500428931424588,0.5878367987010858
417,0.447619219429726,0.5323203819175782,0.5543884783787922,0.5846875113823803
418,0.44458172794357737,0.5341234959830486,0.5543884783787922,0.5846875113823803
419,0.44458172794357737,0.5334600521536963,0.5540762631737876,0.5846875113823803
420,0.425978511344365,0.543535182225259,0.5540762631737876,0.5846875113823803
421,0.4312822284833342,0.543535182225259,0.5559720988557396,0.5846875113823803
422,0.4471598520125024,0.5289640210168217,0.5559720988557396,0.5846875113823803
423,0.4471598520125024,0.5289640210168217,0.5503648366463995,0.5899604271697295
424,0.43281328766237964,0.5450336932287883,0.5503648366463995,0.5899604271697295
425,0.43281328766237964,0.5391056955627869,0.5557094290570943,0.5899604271697295
426,0.43281328766237964,0.5406001145339225,0.5557094290570943,0.5874450896238324
427,0.43281328766237964,0.5448672169113521,0.5521593577457637,0.5874450896238324
428,0.43281328766237964,0.5436716313813093,0.5521593577457637,0.5890475535238329
429,0.4319662429887305,0.5436716313813093,0.5536160793765096,0.5890475535238329
430,0.4319662429887305,0.5466820124793623,0.5504728404103474,0.5890475535238329
431,0.4319662429887305,0.5466820124793623,0.5504728404103474,0.5890475535238329
432,0.4319662429887305,0.5449566069290372,0.5524334845737494,0.5890475535238329
433,0.4319662429887305,0.5427686442697165,0.5449566069290372,0.5965842634260452
434,0.4319662429887305,0.5449566069290372,0.5686412611023893,0.5739112071429859
435,0.4319662429887305,0.5449566069290372,0.5531339458545762,0.5882962853781077
436,0.4319662429887305,0.5460010481380286,0.5518067124607063,0.5882962853781077
437,0.4342396541396463,0.5424619376118742,0.5518067124607063,0.5882962853781077
438,0.4342396541396463,0.5416542660976639,0.5523356923590685,0.5882962853781077
439,0.4317533712257156,0.5416542660976639,0.5523356923590685,0.5813936798794345
440,0.4317533712257156,0.5416542660976639,0.55695795030072,0.5771913416249721
441,0.4334485220775398,0.5421865763026772,0.55695795030072,0.5771913416249721
442,0.4334485220775398,0.5369602588734959,0.5421865763026772,0.5952082799707811
443,0.4334485220775398,0.5421865763026772,0.5485986271757369,0.585926192140684
444,0.4334485220775398,0.53743929801774,0.5543790496760259,0.585926192140684
445,0.4404667420041523,0.5342607580169038,0.5543790496760259,0.585926192140684
446,0.4404667420041523,0.5348793629687055,0.5533952500995091,0.585926192140684
447,0.4404667420041523,0.5331997249439535,0.5552271503728539,0.585926192140684
448,0.4404667420041523,0.5331997249439535,0.5552271503728539,0.585926192140684
449,0.44654304476927126,0.5279299381109674,0.5552271503728539,0.585926192140684
450,0.4465928284721824,0.5279299381109674,0.5504401951438345,0.585926192140684
451,0.446532255793653,0.5279299381109674,0.5475743980895428,0.585926192140684
452,0.446532255793653,0.5279299381109674,0.5448175397367212,0.5876490192023776
453,0.446532255793653,0.5279299381109674,0.5380116505857584,0.5931785285185851
454,0.446532255793653,0.5279299381109674,0.5380116505857584,0.5931785285185851
455,0.446532255793653,0.5268374278563768,0.5392178584554751,0.5931785285185851
456,0.446532255793653,0.5288121750875595,0.5369983697573456,0.5931785285185851
457,0.446532255793653,0.5239540120896053,0.5416125231953159,0.5931785285185851
458,0.446532255793653,0.5239540120896053,0.5396070800207702,0.5952082799707811
459,0.4510651938579251,0.5239540120896053,0.5413425486985003,0.5952082799707811
460,0.44007776424976575,0.5239540120896053,0.5457396494600268,0.5952082799707811
461,0.44007776424976575,0.5268430170920281,0.5432588682160562,0.5952082799707811
462,0.4430242294206918,0.5268430170920281,0.547471504962673,0.5952082799707811
463,0.4430242294206918,0.5279059811210425,0.5461537411437074,0.5952082799707811
464,0.42983552972916883,0.5420304814467628,0.5461537411437074,0.5952082799707811
465,0.42611722729760454,0.5441168835214587,0.5461537411437074,0.5952082799707811
466,0.44341734557784834,0.5270689596971248,0.5461537411437074,0.5952082799707811
467,0.45350456444375675,0.5270689596971248,0.5359485717259532,0.5952082799707811
468,0.45350456444375675,0.5270689596971248,0.550760251496706,0.5851674085542868
469,0.45350456444375675,0.5270689596971248,0.550760251496706,0.5851674085542868
470,0.4545439530492135,0.5228400206373774,0.550760251496706,0.5851674085542868
471,0.44685448949003026,0.5228400206373774,0.5571137193960268,0.5851674085542868
472,0.44685448949003026,0.5228400206373774,0.5690678044414405,0.5725747291714902
473,0.44685448949003026,0.5228400206373774,0.5665400595588367,0.5751992998968508
474,0.4425806855070239,0.524801296153016,0.5665400595588367,0.5751992998968508
475,0.4410031062156117,0.5317629599753869,0.5665400595588367,0.5751992998968508
476,0.4410031062156117,0.5317629599753869,0.5433327950043066,0.5954122420044737
477,0.4415588857434516,0.5318708447590254,0.5433327950043066,0.5954122420044737
478,0.4415588857434516,0.5318708447590254,0.5470204172419498,0.591824113299731
479,0.4374812397330175,0.5318708447590254,0.5471703048772513,0.591824113299731
480,0.4374812397330175,0.5318708447590254,0.5618995219532957,0.5785506524124646
481,0.4374812397330175,0.5408844560503009,0.5534701146117804,0.5785506524124646
482,0.4374812397330175,0.5330843311728735,0.5408844560503009,0.5987377981369385
483,0.4374812397330175,0.5353179429266386,0.5386389655463298,0.5987377981369385
484,0.4374812397330175,0.5303058721143963,0.5441392801251956,0.5987377981369385
485,0.4374812397330175,0.5303058721143963,0.5601162484527685,0.5849688921832247
486,0.4374504994059929,0.5296803879743833,0.5601162484527685,0.5849688921832247
487,0.4374504994059929,0.5299708849957332,0.5595166781117134,0.5849688921832247
488,0.4374504994059929,0.5299708849957332,0.5595166781117134,0.5849688921832247
489,0.4328198933395448,0.5299708849957332,0.5654177806414026,0.5849688921832247
490,0.43281531128108197,0.5311704414372754,0.5654177806414026,0.5849688921832247
491,0.43281531128108197,0.5307248826929972,0.5654177806414026,0.5838300434791484
492,0.43281531128108197,0.5296194059334354,0.5654177806414026,0.5856435157175139
493,0.43330306178940275,0.5273583303981167,0.5654177806414026,0.5856435157175139
494,0.43330306178940275,0.5303595373226239,0.5654177806414026,0.5800732503359769
495,0.43313458262350935,0.5303595373226239,0.563927152156423,0.5800732503359769
496,0.43313458262350935,0.5303595373226239,0.563927152156423,0.5800732503359769
497,0.43313458262350935,0.5264948288851853,0.563927152156423,0.5864588444949508
498,0.4437740114139745,0.5264948288851853,0.5642436326420227,0.5864588444949508
499,0.4437740114139745,0.528916467970909,0.5642436326420227,0.5849688921832247
500,0.4437740114139745,0.5275341760743155,0.5642436326420227,0.5848590756508925
501,0.4437740114139745,0.5275341760743155,0.562679537279056,0.5869427352487971
502,0.4437740114139745,0.5275341760743155,0.5642436326420227,0.5848590756508925
503,0.43018955898194444,0.5354841215322363,0.5642436326420227,0.5848590756508925
504,0.43018955898194444,0.5426516559079771,0.5562891462440623,0.5848590756508925
505,0.43045648599034586,0.5433019962000641,0.5562891462440623,0.5848590756508925
506,0.43045648599034586,0.5433019962000641,0.5582353989314313,0.5826756520969516
507,0.4342382865897379,0.5428166032525237,0.5582353989314313,0.5826756520969516
508,0.4505034101138607,0.5263768935283102,0.5582353989314313,0.5826756520969516
509,0.4272548613706202,0.5449812801726032,0.5582353989314313,0.5826756520969516
510,0.4272548613706202,0.5464254167407052,0.5561102276615874,0.5826756520969516
511,0.42601893716890943,0.547346538113642,0.5561102276615874,0.5826756520969516
512,0.42601893716890943,0.5456940486525841,0.5580561033670808,0.5826756520969516
513,0.42601893716890943,0.5482195995359863,0.5580561033670808,0.5798708499119432
514,0.44039904502046384,0.5393315689050286,0.5482195995359863,0.5798708499119432
515,0.44039904502046384,0.5393315689050286,0.54497376725887,0.5838913800035339
516,0.4324297969349164,0.54497376725887,0.5545300861112579,0.5838913800035339
517,0.4324297969349164,0.5477877019980381,0.5545300861112579,0.5795701456227346
518,0.4330825496342738,0.5477877019980381,0.5545300861112579,0.5801766068827723
519,0.4251160254108474,0.5477877019980381,0.5582231634299861,0.5801766068827723
520,0.42423874501579767,0.5461103045692982,0.5582231634299861,0.5801766068827723
521,0.42423874501579767,0.5461103045692982,0.5582231634299861,0.5801766068827723
522,0.42423874501579767,0.544080412584009,0.5607632988463048,0.5801766068827723
523,0.42423874501579767,0.5453737406856203,0.5587967896882119,0.5801766068827723
524,0.42523846730257947,0.5453737406856203,0.5587967896882119,0.5842362243712943
525,0.42523846730257947,0.5453737406856203,0.5602293120122466,0.5822680021643241
526,0.42523846730257947,0.5453141010483171,0.5602293120122466,0.5814448798773215
527,0.42523846730257947,0.5453141010483171,0.559330136122624,0.5823070627551468
528,0.428782553652445,0.5425907311395619,0.559330136122624,0.5823070627551468
529,0.428782553652445,0.5425907311395619,0.5688195306799124,0.5734016074223501
530,0.4284571787117612,0.5425907311395619,0.5733266185381082,0.5734016074223501
531,0.4262993860819406,0.5367506027720117,0.5733266185381082,0.5734016074223501
532,0.4311580132263965,0.5309625281245596,0.5733266185381082,0.5734016074223501
533,0.44723266827782776,0.5194962545875019,0.5733266185381082,0.5734016074223501
534,0.4272102927792286,0.5384045200474998,0.5733266185381082,0.5734016074223501
535,0.4272102927792286,0.5467618955699257,0.5649434128708823,0.5734016074223501
536,0.4272102927792286,0.5467618955699257,0.5661169984266329,0.5724480546471622
537,0.4272102927792286,0.5474666066643484,0.5647743257293132,0.5724480546471622
538,0.43080373894118923,0.5411037017485321,0.5647743257293132,0.5724480546471622
539,0.44506443648633764,0.530990779857535,0.5647743257293132,0.5724480546471622
540,0.44506443648633764,0.530990779857535,0.5601870962167974,0.5780401064243859
541,0.44506443648633764,0.530990779857535,0.5383852683564686,0.5952082799707811
542,0.44506443648633764,0.530990779857535,0.5534368152318645,0.5827869451824408
543,0.4472306167478213,0.530990779857535,0.550795124419108,0.5827869451824408
544,0.44591315789473684,0.530990779857535,0.5548277827277033,0.5827869451824408
545,0.44733479688546146,0.530990779857535,0.5519511371075025,0.5827869451824408
546,0.44916837325946807,0.5322762219293706,0.5519511371075025,0.5827869451824408
547,0.432167487431767,0.5500198899511695,0.5519511371075025,0.5827869451824408
548,0.432167487431767,0.5500198899511695,0.5535555320461049,0.5819062441636058
549,0.4321966015529045,0.5454685490268567,0.5535555320461049,0.5819062441636058
550,0.4321966015529045,0.5367218131395237,0.5454685490268567,0.5964999006479691
551,0.4321966015529045,0.5343973837523204,0.5481566753048336,0.5964999006479691
552,0.4321966015529045,0.5481566753048336,0.5598264577915275,0.5730686958124875
553,0.4321966015529045,0.545769399610017,0.5598264577915275,0.5764901878476231
554,0.4321966015529045,0.5467455888778949,0.5598264577915275,0.5759764551436333
555,0.4321966015529045,0.5488074148896751,0.5598264577915275,0.5735102413485542
556,0.4321966015529045,0.5488074148896751,0.5598264577915275,0.5735102413485542
557,0.43208163115951687,0.551361211370591,0.5598264577915275,0.5735102413485542
558,0.43208163115951687,0.551361211370591,0.5598264577915275,0.5735102413485542
559,0.4306527295403321,0.5453501275137734,0.5598264577915275,0.5735102413485542
560,0.4306527295403321,0.5432125542544618,0.5598264577915275,0.5753859689767105
561,0.42988690824713205,0.5432125542544618,0.5642434585043881,0.5753859689767105
562,0.4307227081231514,0.5432125542544618,0.5664718299267159,0.5753859689767105
563,0.4307227081231514,0.5432125542544618,0.5559439025082796,0.5860931828404657
564,0.4307227081231514,0.545991263503245,0.5559439025082796,0.5805520147126079
565,0.4286451173906005,0.5440378657222446,0.5559439025082796,0.5805520147126079
566,0.4318982880161128,0.5390802803568912,0.5559439025082796,0.5805520147126079
567,0.4318982880161128,0.5390802803568912,0.5627361369632219,0.5744091226830719
568,0.4318982880161128,0.5390802803568912,0.5627361369632219,0.5744091226830719
569,0.4318982880161128,0.5390802803568912,0.5427185241076325,0.5931288888022002
570,0.4297962618308203,0.5427185241076325,0.5430683558330363,0.5931288888022002
571,0.4293797454220634,0.5412117129892229,0.5430683558330363,0.5931288888022002
572,0.4293797454220634,0.541483307373186,0.5430683558330363,0.5931002052402389
573,0.4279828252957234,0.541483307373186,0.5424262834338588,0.5931002052402389
574,0.4279828252957234,0.541483307373186,0.5424262834338588,0.5931002052402389
575,0.4279828252957234,0.5424262834338588,0.566500002424795,0.5688818259146636
576,0.4358651634660157,0.5424262834338588,0.5605873121633462,0.5688818259146636
577,0.4358651634660157,0.545932910530936,0.5605873121633462,0.5658037113423566
578,0.4358651634660157,0.5451708096354533,0.5613447511546386,0.5658037113423566
579,0.42582816134875057,0.5451708096354533,0.5658037113423566,0.5683307279604756
580,0.4298988741545034,0.5445097256000445,0.5658037113423566,0.5683307279604756
581,0.4298988741545034,0.5445097256000445,0.5658037113423566,0.5683307279604756
582,0.4298988741545034,0.5416814326400008,0.5445097256000445,0.5910131529061798
583,0.4320598942235044,0.5409169885180184,0.5445097256000445,0.5910131529061798
584,0.4320598942235044,0.5407391010268708,0.544940898791032,0.5910131529061798
585,0.4320598942235044,0.539735283556122,0.5458569201310048,0.5910131529061798
586,0.4376073139338933,0.5378853220840456,0.5458569201310048,0.5910131529061798
587,0.43130921732200067,0.5454663304963451,0.5458569201310048,0.5910131529061798
588,0.4299431343976513,0.5445807347402174,0.5454663304963451,0.5910131529061798
589,0.42965558966295014,0.5416142571023995,0.5445807347402174,0.5910131529061798
590,0.43186102953281746,0.5416142571023995,0.5478761892000535,0.5910131529061798
591,0.43460998819198443,0.5347145744925579,0.5478761892000535,0.5910131529061798
592,0.43460998819198443,0.5347145744925579,0.566962283493155,0.5737280323095157
593,0.43460998819198443,0.5347145744925579,0.5681870660858054,0.572779167890754
594,0.43460998819198443,0.5347145744925579,0.5661628341769579,0.574971707079575
595,0.44279812201627833,0.5347145744925579,0.5648447713497168,0.574971707079575
596,0.44269929686786597,0.5347145744925579,0.5625896858082731,0.574971707079575
597,0.44269929686786597,0.5347145744925579,0.5643771988672153,0.5732877089190315
598,0.43922896261562705,0.5347145744925579,0.5661001003988134,0.5732877089190315
599,0.43922896261562705,0.5347145744925579,0.5675488191604774,0.5716579360522719
600,0.43857678111444404,0.5347145744925579,0.5652841272714756,0.5716579360522719
601,0.43857678111444404,0.5347145744925579,0.5554456435108185,0.5813297474369603
602,0.437034957938742,0.5390188888468856,0.5554456435108185,0.5813297474369603
603,0.4402934716624242,0.5390188888468856,0.5563019502657042,0.5813297474369603
604,0.44088633979899366,0.5367033902710088,0.5563019502657042,0.5813297474369603
605,0.44088633979899366,0.5367033902710088,0.5653788107455479,0.5730838669073861
606,0.44088633979899366,0.5367033902710088,0.562013279358836,0.5764395153872435
607,0.44088633979899366,0.5367033902710088,0.5629744651483782,0.5751453164141525
608,0.4407234050701821,0.5342946285521545,0.5629744651483782,0.5751453164141525
609,0.4407234050701821,0.5342946285521545,0.565569805904013,0.5726362453124396
610,0.458970841953435,0.5228948606450641,0.565569805904013,0.5726362453124396
611,0.458970841953435,0.5228880360939688,0.5656793412385404,0.5726362453124396
612,0.43922635482648476,0.5364835714129725,0.5656793412385404,0.5726362453124396
613,0.43922635482648476,0.5444692775348337,0.5571143016695632,0.5726362453124396
614,0.43922635482648476,0.541572482050235,0.5601790174854288,0.5726362453124396
615,0.43922635482648476,0.541572482050235,0.5601790174854288,0.5726362453124396
616,0.43922635482648476,0.5271943384019715,0.5726362453124396,0.5747725016121933
617,0.43922635482648476,0.5258676018299352,0.5726362453124396,0.5742349048800661
618,0.43922635482648476,0.5258676018299352,0.5633364829449803,0.5833461992439825
619,0.43922635482648476,0.5250984784605898,0.5648871820987975,0.5833461992439825
620,0.44038448410760517,0.5265044409484736,0.5648871820987975,0.5833461992439825
621,0.44102267938252143,0.5266574769887501,0.5648871820987975,0.5833461992439825
622,0.4409667329516503,0.5263316876028582,0.5648871820987975,0.5833461992439825
623,0.4431534279273306,0.5263316876028582,0.5609857903402995,0.5833461992439825
624,0.4431534279273306,0.5263316876028582,0.560135916890962,0.5854348931441362
625,0.4306466741459083,0.5396212529404807,0.560135916890962,0.5854348931441362
626,0.4281451255111297,0.5346401408640942,0.560135916890962,0.5854348931441362
627,0.4281451255111297,0.5353283231377837,0.560135916890962,0.5842190091331667
628,0.42934175968483257,0.5353283231377837,0.5628932709614989,0.5842190091331667
629,0.42828457169286654,0.5334353326157989,0.5628932709614989,0.5842190091331667
630,0.4321636485729032,0.5315065274534855,0.5628932709614989,0.5842190091331667
631,0.4321636485729032,0.5315065274534855,0.565081933941501,0.5811401016783349
632,0.4321636485729032,0.5318940689682172,0.565081933941501,0.5807608961545019
633,0.4273682816246899,0.5366578144978853,0.565081933941501,0.5807608961545019
634,0.43526241127285453,0.5366578144978853,0.565081933941501,0.579976390542785
635,0.4353679589214113,0.5366578144978853,0.5593129767144074,0.579976390542785
636,0.4353679589214113,0.5366578144978853,0.5581894865433106,0.5810964190454572
637,0.43526241127285453,0.5366578144978853,0.5639150930945832,0.5810964190454572
638,0.43526241127285453,0.5366578144978853,0.5693123704575518,0.575909851495503
639,0.4282120547020091,0.5366578144978853,0.5693123704575518,0.5735732342153556
640,0.4282120547020091,0.5366578144978853,0.556244397775384,0.5861284525394947
641,0.4282120547020091,0.5366578144978853,0.5639150930945832,0.5784799594410038
642,0.4282120547020091,0.5366578144978853,0.5692196591125914,0.5740139604947702
643,0.4282120547020091,0.5366578144978853,0.5679117295845996,0.5752006564607534
644,0.4284994517830105,0.544287598944591,0.5679117295845996,0.5752006564607534
645,0.4284994517830105,0.544287598944591,0.5679117295845996,0.5752006564607534
646,0.4284994517830105,0.544287598944591,0.5511778855845081,0.5895531648832081
647,0.4284994517830105,0.544287598944591,0.5584687109487648,0.5832239139879931
648,0.4284994517830105,0.544287598944591,0.553897560078165,0.5897164898746384
649,0.4284994517830105,0.545816343419449,0.5528002928410815,0.5897164898746384
650,0.4284994517830105,0.543924728414766,0.5528002928410815,0.5904238929207553
651,0.43172525440690135,0.5348204265553984,0.5528002928410815,0.5904238929207553
652,0.43281416558095465,0.5365799394042418,0.5528002928410815,0.5904238929207553
653,0.43281416558095465,0.5365799394042418,0.5600055325476052,0.5831435304325534
654,0.42720926364138806,0.5421395507454977,0.5600055325476052,0.5831435304325534
655,0.42720926364138806,0.5440283549254461,0.5600055325476052,0.5822579910870104
656,0.4336424613286344,0.5411830685541977,0.5600055325476052,0.5822579910870104
657,0.4336424613286344,0.5411830685541977,0.5602625488364192,0.5820583069542055
658,0.4511719106484946,0.5241208414614857,0.5602625488364192,0.5820583069542055
659,0.4524503242407309,0.5231073760769214,0.5602625488364192,0.5820583069542055
660,0.4327502927594805,0.5399926462785974,0.5602625488364192,0.5820583069542055
661,0.4304623844568114,0.5424781587227712,0.5602625488364192,0.5820583069542055
662,0.4304623844568114,0.5424781587227712,0.5450777340718739,0.5961622131405219
663,0.4304623844568114,0.5380126298592494,0.5492437357055308,0.5961622131405219
664,0.4304623844568114,0.5347398596152816,0.5520231857107177,0.5961622131405219
665,0.4304623844568114,0.5431704778522668,0.5442935564758079,0.5961622131405219
666,0.45793327063558026,0.5149276075987894,0.5442935564758079,0.5961622131405219
667,0.45793327063558026,0.5083814738964373,0.5516675807810298,0.5961622131405219
668,0.45922487893969605,0.5083814738964373,0.5516675807810298,0.5923985048665853
669,0.45729782398711344,0.5083814738964373,0.5516675807810298,0.5931002052402389
670,0.467945785357196,0.5083814738964373,0.5516675807810298,0.5860835307716697
671,0.4505857498527877,0.5284305996768629,0.5516675807810298,0.5860835307716697
672,0.4505857498527877,0.5416252611085197,0.5516675807810298,0.5742459634456192
673,0.4261611259658505,0.5516675807810298,0.5630931161188174,0.5742459634456192
674,0.4559900145758537,0.5191003446301004,0.5630931161188174,0.5742459634456192
675,0.4641403280994306,0.5191003446301004,0.5573007930800474,0.5742459634456192
676,0.4641403280994306,0.5186097070359145,0.5586108849340209,0.5742459634456192
677,0.4392433363785192,0.5450515892976144,0.5586108849340209,0.5742459634456192
678,0.4392433363785192,0.5450515892976144,0.563848824261479,0.5689875689420709
679,0.4392433363785192,0.5450515892976144,0.5618431948711099,0.570757444527444
680,0.4392433363785192,0.5454013744699517,0.5618431948711099,0.5716341624637613
681,0.4392433363785192,0.5450515892976144,0.5618431948711099,0.570757444527444
682,0.4386473096468264,0.5436073162300675,0.5618431948711099,0.570757444527444
683,0.4386473096468264,0.5409262396816328,0.5618431948711099,0.5739755665910118
684,0.4386473096468264,0.5409262396816328,0.5676485441923388,0.5685058513268502
685,0.4386473096468264,0.5415003454841003,0.5667911385680635,0.5685058513268502
686,0.4386473096468264,0.5415003454841003,0.5591621832308852,0.5763246546366176
687,0.4386473096468264,0.5459857940368051,0.5591621832308852,0.5706091211341823
688,0.42898672532242493,0.5551778256178337,0.5591621832308852,0.5706091211341823
689,0.4274394099051633,0.5503035538127046,0.5591621832308852,0.5706091211341823
690,0.4274394099051633,0.5509171665461581,0.5591621832308852,0.5694887827485566
691,0.4274394099051633,0.5509171665461581,0.5625866281623388,0.5661184367115724
692,0.4274394099051633,0.5490862120816222,0.5648608778050567,0.5661184367115724
693,0.44729727210009135,0.5359358975687071,0.5648608778050567,0.5661184367115724
694,0.44729727210009135,0.5233247596414382,0.5661184367115724,0.5768398296929992
695,0.44730600858817504,0.5233247596414382,0.5682509298409275,0.5768398296929992
696,0.44730600858817504,0.5233247596414382,0.5682509298409275,0.5768398296929992
697,0.44437960562921547,0.5232795017137503,0.5682509298409275,0.5768398296929992
698,0.44437960562921547,0.5232795017137503,0.5461083021832311,0.5964999006479691
699,0.44437960562921547,0.5232795017137503,0.5693811614613536,0.5753828646326811
700,0.4473117578857908,0.5232795017137503,0.5693811614613536,0.5725922559119199
701,0.4473117578857908,0.5232795017137503,0.5456992606737416,0.5967730416862209
702,0.4473117578857908,0.5232795017137503,0.5672751909704126,0.5748103919593859
703,0.46064391223661016,0.5232795017137503,0.5595233764816537,0.5748103919593859
704,0.4602753631120908,0.5262608022358871,0.5595233764816537,0.5748103919593859
705,0.4553157689113353,0.5262608022358871,0.5595233764816537,0.5751769982578182
706,0.4417275325500159,0.5262608022358871,0.5672751909704126,0.5751769982578182
707,0.4417275325500159,0.5262608022358871,0.5672751909704126,0.5751769982578182
708,0.4417275325500159,0.5282412151487981,0.565202910242841,0.5751769982578182
709,0.44127172636963635,0.5282412151487981,0.5652166428534541,0.5751769982578182
710,0.47046771987834995,0.5282412151487981,0.5433035807823664,0.5751769982578182
711,0.4870959902794654,0.5261300560293599,0.5282412151487981,0.5751769982578182
712,0.4417275325500159,0.5282412151487981,0.565202910242841,0.5751769982578182
713,0.4414954125660709,0.5272393399840047,0.565202910242841,0.5751769982578182
714,0.4414954125660709,0.5272393399840047,0.565202910242841,0.5751769982578182
715,0.4414954125660709,0.5272393399840047,0.565202910242841,0.5751769982578182
716,0.4414954125660709,0.5371728439547501,0.5565552009525732,0.5751769982578182
717,0.4381154123054771,0.5397921690930441,0.5565552009525732,0.5751769982578182
718,0.44111705642147675,0.5397921690930441,0.5565552009525732,0.5751992998968508
719,0.4465743484307916,0.5372347611031444,0.5565552009525732,0.5751992998968508
720,0.4426859363283114,0.5372347611031444,0.5565552009525732,0.5744028244083104
721,0.4426859363283114,0.5372347611031444,0.5651892721151701,0.5661823700807548
722,0.4426859363283114,0.5372347611031444,0.5651892721151701,0.5661823700807548
723,0.4426859363283114,0.5372347611031444,0.5468151481831897,0.5836707842993933
724,0.4426859363283114,0.5372347611031444,0.5468151481831897,0.5836707842993933
725,0.44696152173562903,0.5372347611031444,0.5442478450345599,0.5836707842993933
726,0.4480645667239991,0.5372347611031444,0.5442478450345599,0.583876415681088
727,0.4480645667239991,0.5372347611031444,0.5595436839176405,0.5694595745523688
728,0.4480645667239991,0.530247523430616,0.5372347611031444,0.5954122420044737
729,0.44025032088828603,0.5332900011933265,0.5372347611031444,0.5954122420044737
730,0.44025032088828603,0.5261125409128761,0.5447545515103513,0.5954122420044737
731,0.44025032088828603,0.5261125409128761,0.5507831106602435,0.5905822964910187
732,0.45589495735038404,0.5261125409128761,0.5381817990442709,0.5905822964910187
733,0.45488189688659014,0.5290343262205999,0.5381817990442709,0.5905822964910187
734,0.45488189688659014,0.5290343262205999,0.5341485875827212,0.5933813177403997
735,0.44060336883612283,0.5290343262205999,0.5477827587490495,0.5933813177403997
736,0.4318252035713351,0.5399162330244955,0.5477827587490495,0.5933813177403997
737,0.4240952761990365,0.5399162330244955,0.549940220294574,0.5933813177403997
738,0.4414379590258987,0.5231496287760048,0.549940220294574,0.5933813177403997
739,0.4414379590258987,0.533061711804561,0.540312243964473,0.5933813177403997
740,0.4414379590258987,0.5258103271157056,0.5487623976785482,0.5933813177403997
741,0.4396038308561859,0.5314479143917886,0.5487623976785482,0.5933813177403997
742,0.4396038308561859,0.5314479143917886,0.5662611791841562,0.5790162604623723
743,0.4396038308561859,0.5314479143917886,0.5511691379084109,0.5923985048665853
744,0.4396038308561859,0.5368037522803843,0.5459780926172765,0.5923985048665853
745,0.43505367912214904,0.5427305055919188,0.5459780926172765,0.5923985048665853
746,0.4349888363049772,0.5392368915490923,0.5459780926172765,0.5923985048665853
747,0.4349888363049772,0.5326586887120982,0.5516029677660702,0.5923985048665853
748,0.43596658984291997,0.5298225104463701,0.5516029677660702,0.5923985048665853
749,0.43596658984291997,0.5298225104463701,0.5516029677660702,0.5923985048665853
750,0.43662834188298116,0.5313208807667649,0.5516029677660702,0.5923985048665853
751,0.43662834188298116,0.5313208807667649,0.5454466475371585,0.5987377981369385
752,0.43662834188298116,0.5313208807667649,0.5493323470716504,0.5933813177403997
753,0.43662834188298116,0.530619009760481,0.550774260059505,0.5933813177403997
754,0.43662834188298116,0.530619009760481,0.5644297699989307,0.5814870198318339
755,0.43662834188298116,0.5375902564963687,0.5644297699989307,0.5744352126080355
756,0.4358265919933624,0.534728372257787,0.5644297699989307,0.5744352126080355
757,0.45303904133495104,0.534728372257787,0.548056540783217,0.5744352126080355
758,0.45303904133495104,0.534728372257787,0.5505631393495752,0.5735738066228455
759,0.4456430888475007,0.544249918646274,0.5505631393495752,0.5735738066228455
760,0.4464186592514096,0.5446323457759072,0.5505631393495752,0.5735738066228455
761,0.4464186592514096,0.5348684631632848,0.5505631393495752,0.5825790294140196
762,0.4464186592514096,0.5348684631632848,0.5512578777476047,0.5803601816466836
763,0.4464186592514096,0.5348684631632848,0.5512578777476047,0.5803601816466836
764,0.4464186592514096,0.5330940689461855,0.5512578777476047,0.5850877329072095
765,0.4464186592514096,0.5328659201268457,0.5512578777476047,0.5858830293210683
766,0.44361027509078993,0.5328659201268457,0.5495304766049733,0.5858830293210683
767,0.44361027509078993,0.5353743689960793,0.5495304766049733,0.5835717086444054
768,0.44361027509078993,0.5363265449508687,0.5483494264854196,0.5835717086444054
769,0.44361027509078993,0.5360405203437747,0.5483494264854196,0.5826714282782259
770,0.44361027509078993,0.5343872557884783,0.5483494264854196,0.5841058587613197
771,0.44361027509078993,0.5343872557884783,0.5438294596742154,0.5875790846885098
772,0.44404277668514214,0.5343872557884783,0.5428977132414678,0.5875790846885098
773,0.44404277668514214,0.5358229978186351,0.5428977132414678,0.5880214008182061
774,0.44472279040549134,0.5358229978186351,0.5511388579908589,0.5880214008182061
775,0.4468443729475232,0.5358229978186351,0.5485678236825857,0.5880214008182061
776,0.4468443729475232,0.5358229978186351,0.55329835628702,0.5844325149310284
777,0.4496388662115012,0.5319217960848889,0.55329835628702,0.5844325149310284
778,0.4496388662115012,0.5320136982481756,0.55329835628702,0.5826714282782259
779,0.42832788522052245,0.5503053097564975,0.55329835628702,0.5826714282782259
780,0.42832788522052245,0.5494343791859362,0.5542937784297008,0.5826714282782259
781,0.42832788522052245,0.5479025005684778,0.5559505250035071,0.5826714282782259
782,0.4286452754373904,0.5472364944573896,0.5559505250035071,0.5826714282782259
783,0.4286452754373904,0.5484327804163658,0.5543841428661896,0.5826714282782259
784,0.4286452754373904,0.5506675841614791,0.5543841428661896,0.5790772200961393
785,0.4274753400301242,0.5449191988393649,0.5543841428661896,0.5790772200961393
786,0.4274753400301242,0.5484184435493104,0.5507390890655185,0.5790772200961393
787,0.4274753400301242,0.5475501360156892,0.5507390890655185,0.5801766068827723
788,0.4274753400301242,0.5446192995379361,0.5507390890655185,0.5823620274629425
789,0.4425844314151604,0.5401189803092504,0.5446192995379361,0.5823620274629425
790,0.4425844314151604,0.5410059940354918,0.5446192995379361,0.5814448798773215
791,0.42714242594353063,0.5446192995379361,0.5522866592845098,0.5814448798773215
792,0.4372402643200486,0.5446192995379361,0.5474120920566887,0.5814448798773215
793,0.4372402643200486,0.5306280706002984,0.5446192995379361,0.5958632264469843
794,0.4372402643200486,0.528642750254923,0.5461857641104718,0.5958632264469843
795,0.4372402643200486,0.5297608306738915,0.5461857641104718,0.5964999006479691
796,0.4326387843146579,0.5367847195219693,0.5461857641104718,0.5964999006479691
797,0.4317590543531063,0.5367847195219693,0.5447057382570886,0.5964999006479691
798,0.4272627285767966,0.5394272886837952,0.5447057382570886,0.5964999006479691
799,0.4813631493102281,0.4879382544982283,0.5447057382570886,0.5964999006479691
800,0.4270011177140502,0.5438942021937645,0.5447057382570886,0.5964999006479691
801,0.4270011177140502,0.5438942021937645,0.5452271693745091,0.5954122420044737
802,0.4270011177140502,0.5452271693745091,0.5684099840353678,0.5739550730554254
803,0.42689874912149606,0.5452271693745091,0.5621213305710824,0.5739550730554254
804,0.42751888156837536,0.5452271693745091,0.5661105989619508,0.5739550730554254
805,0.4311854534306681,0.5452271693745091,0.5600354474748624,0.5739550730554254
806,0.4311854534306681,0.5447057382570886,0.5600354474748624,0.574833524684271
807,0.4293701406482048,0.5502263611976326,0.5600354474748624,0.574833524684271
808,0.4293701406482048,0.5359085614132584,0.5502263611976326,0.5952082799707811
809,0.42992076708492877,0.5351742643077572,0.5502263611976326,0.5952082799707811
810,0.42992076708492877,0.535188557108956,0.5502263611976326,0.5964999006479691
811,0.42992076708492877,0.5408800745751994,0.5443147798321786,0.5964999006479691
812,0.4297697766141069,0.5360151790803539,0.5443147798321786,0.5964999006479691
813,0.4297697766141069,0.5360206586132187,0.5443147798321786,0.5952082799707811
814,0.4297697766141069,0.5370956366181426,0.54321734519355,0.5952082799707811
815,0.43268802139718526,0.5370956366181426,0.5453992324253487,0.5952082799707811
816,0.4312525532264825,0.5385871254612048,0.5453992324253487,0.5952082799707811
817,0.42824193467330035,0.5385871254612048,0.5486931964859854,0.5952082799707811
818,0.42824193467330035,0.5486931964859854,0.562132531168815,0.5755790360443196
819,0.42824193467330035,0.5486931964859854,0.5605087007691985,0.5763767724477604
820,0.430045049523082,0.548202554071012,0.5605087007691985,0.5763767724477604
821,0.430045049523082,0.5439247125167019,0.5605087007691985,0.5804034989745478
822,0.430045049523082,0.5439247125167019,0.5604882819192821,0.5803601816466836
823,0.43001742789738795,0.5439247125167019,0.5585383519076657,0.5803601816466836
824,0.43001742789738795,0.5458826010730151,0.5585383519076657,0.5784799594410038
825,0.43001742789738795,0.5440819482025512,0.5606884057971014,0.5784799594410038
826,0.4270578470251884,0.544606312342722,0.5606884057971014,0.5784799594410038
827,0.4270578470251884,0.544606312342722,0.5565808059498882,0.5825538667112076
828,0.4270578470251884,0.5395083881010031,0.544606312342722,0.5969282583511483
829,0.4455855363348823,0.5306752418339149,0.5395083881010031,0.5969282583511483
830,0.44762703962703965,0.5267899137202088,0.5395083881010031,0.5969282583511483
831,0.44762703962703965,0.5267899137202088,0.5408917929202269,0.5964999006479691
832,0.44782398262112594,0.5267899137202088,0.5360048481175669,0.5964999006479691
833,0.44782398262112594,0.5267899137202088,0.5608224026701257,0.572985182553034
834,0.43225965691719115,0.5436572920999837,0.5608224026701257,0.572985182553034
835,0.43225965691719115,0.5457967312793096,0.5608224026701257,0.5714112306700216
836,0.43627399121366167,0.5405459148164861,0.5608224026701257,0.5714112306700216
837,0.43599676069645027,0.5405459148164861,0.5646313956108218,0.5714112306700216
838,0.43599676069645027,0.5252705440784488,0.5646313956108218,0.5858989624085729
839,0.4435744256055903,0.5252705440784488,0.5617789869249293,0.5858989624085729
840,0.4435744256055903,0.5252705440784488,0.5676024420936726,0.5812410190816919
841,0.4435744256055903,0.5252705440784488,0.5721918807547467,0.5762323882599961
842,0.4435744256055903,0.5252705440784488,0.5553339514011701,0.592434425110366
843,0.44156751481278034,0.5252705440784488,0.5545078447417556,0.592434425110366
844,0.4435297130457051,0.5252705440784488,0.5515357146439569,0.592434425110366
845,0.4435297130457051,0.530193805654511,0.5469476954472424,0.592434425110366
846,0.4504519734937846,0.5274660508627594,0.5469476954472424,0.592434425110366
847,0.4504519734937846,0.5261622896783507,0.5480748830583647,0.592434425110366
848,0.43088499734070246,0.5367441150849701,0.5480748830583647,0.592434425110366
849,0.43122390192707055,0.5372058958388584,0.5480748830583647,0.592434425110366
850,0.43206195668691016,0.5428957844909472,0.5480748830583647,0.592434425110366
851,0.43206195668691016,0.5428957844909472,0.5666922917353052,0.5740546177204975
852,0.43206195668691016,0.5428957844909472,0.5665056465175234,0.5740769183510475
853,0.4300261380962753,0.5358183610734971,0.5665056465175234,0.5740769183510475
854,0.43019946902751355,0.5404686712539349,0.5665056465175234,0.5740769183510475
855,0.4248544726595844,0.5443118324623093,0.5665056465175234,0.5740769183510475
856,0.4248618695533111,0.5471624437074354,0.5665056465175234,0.5740769183510475
857,0.42926788853533693,0.5471136843002322,0.5665056465175234,0.5740769183510475
858,0.43334882187991336,0.5384185162768248,0.5665056465175234,0.5740769183510475
859,0.43146874530589474,0.5409344169985627,0.5665056465175234,0.5740769183510475
860,0.43237009516495606,0.5409344169985627,0.5700038644853793,0.5740769183510475
861,0.43237009516495606,0.5409344169985627,0.5674446834623762,0.5762632214761798
862,0.43237009516495606,0.5409344169985627,0.5611772158661589,0.5831231285727247
863,0.43237009516495606,0.5499405818185694,0.5521879395304462,0.5831231285727247
864,0.43237009516495606,0.5354566880406588,0.5499405818185694,0.5964999006479691
865,0.43237009516495606,0.548951738339869,0.5499405818185694,0.5869427352487971
866,0.4312652602598205,0.548951738339869,0.5499405818185694,0.5841058587613197
867,0.43237009516495606,0.548951738339869,0.5499405818185694,0.5869427352487971
868,0.43155719121384356,0.548951738339869,0.5499405818185694,0.5853013092327215
869,0.4323195562692858,0.548951738339869,0.5499405818185694,0.5790970989192442
870,0.43237009516495606,0.548951738339869,0.5499405818185694,0.5869427352487971
871,0.43237009516495606,0.5409344169985627,0.5577363658793258,0.5869427352487971
872,0.43237009516495606,0.5450515892976144,0.553764721987031,0.5869427352487971
873,0.43237009516495606,0.5395263472728261,0.5450515892976144,0.5975987891078488
874,0.4392433363785192,0.5320146448673859,0.5450515892976144,0.5975987891078488
875,0.43884324886863557,0.5320146448673859,0.5444466928038447,0.5975987891078488
876,0.4345595305195451,0.5320146448673859,0.5434515814191703,0.5975987891078488
877,0.4345595305195451,0.5434515814191703,0.5612865851112688,0.5714992603043537
878,0.43311732110687057,0.5434515814191703,0.5612865851112688,0.5691768566937851
879,0.43311732110687057,0.5416744791666667,0.5434515814191703,0.5878398454910118
880,0.46174504927251603,0.5222732807238307,0.5416744791666667,0.5878398454910118
881,0.46174504927251603,0.5222732807238307,0.5301596940351775,0.5973685231527285
882,0.4579338759096657,0.5222732807238307,0.5323250806758525,0.5973685231527285
883,0.4579338759096657,0.5222732807238307,0.5401315561617996,0.5891226677252878
884,0.4579338759096657,0.5222732807238307,0.5331506322419347,0.5952082799707811
885,0.4579338759096657,0.5211295799105724,0.5346045678410702,0.5952082799707811
886,0.4579338759096657,0.5211295799105724,0.5350439547125106,0.5954122420044737
887,0.4579338759096657,0.5211295799105724,0.5655926526529561,0.568404261002969
888,0.4579338759096657,0.5211295799105724,0.5587022663452571,0.5751992998968508
889,0.4579338759096657,0.5211295799105724,0.5668579688393187,0.5671306220779486
890,0.43778502846279543,0.5421108276920392,0.5668579688393187,0.5671306220779486
891,0.436105272572783,0.5421108276920392,0.5630867147838232,0.5671306220779486
892,0.436105272572783,0.5411143270622286,0.5654926119140118,0.5671306220779486
893,0.4382778043466709,0.543982767502702,0.5654926119140118,0.5671306220779486
894,0.4419945960482002,0.5440784874358834,0.5654926119140118,0.5671306220779486
895,0.4339461215058949,0.5440784874358834,0.5656346921899894,0.5671306220779486
896,0.4299479195708662,0.5454009675700053,0.5656346921899894,0.5671306220779486
897,0.4299479195708662,0.5454009675700053,0.5578551032906326,0.5746497609440501
898,0.4299479195708662,0.5454009675700053,0.5608973619221271,0.571508571373399
899,0.428012405609493,0.55100070874721,0.5608973619221271,0.571508571373399
900,0.428012405609493,0.5489018763457397,0.55100070874721,0.5841992288628491
901,0.428012405609493,0.5349776152793259,0.55100070874721,0.5941582496319012
902,0.42843319768535304,0.5349776152793259,0.549335036421839,0.5941582496319012
903,0.42843319768535304,0.549335036421839,0.5656346921899894,0.5671306220779486
904,0.42843319768535304,0.549335036421839,0.5657442023077176,0.5669648108214076
905,0.42843319768535304,0.549335036421839,0.5519236287611707,0.5799794648789032
906,0.4286417015428821,0.549335036421839,0.5574484742699796,0.5799794648789032
907,0.4286417015428821,0.549335036421839,0.564875256408961,0.5737797985894099
908,0.45348976288377557,0.5228952050825817,0.564875256408961,0.5737797985894099
909,0.45348976288377557,0.5228952050825817,0.5664446625049585,0.5720106609068706
910,0.45348976288377557,0.5228952050825817,0.5664446625049585,0.5720106609068706
911,0.45348976288377557,0.5228952050825817,0.5662976281066133,0.5724384564204924
912,0.4521417352181668,0.5228952050825817,0.5673871748711901,0.5724384564204924
913,0.42773428317796036,0.5422815636098153,0.5673871748711901,0.5724384564204924
914,0.42773428317796036,0.5422815636098153,0.5673871748711901,0.5724384564204924
915,0.42773428317796036,0.5422815636098153,0.5673871748711901,0.5724384564204924
916,0.42773428317796036,0.5471776174592092,0.5664294969199434,0.5673871748711901
917,0.42773428317796036,0.5514728790434343,0.5628555605900418,0.5664294969199434
918,0.42773428317796036,0.5429315587458252,0.5664294969199434,0.5725295246435793
919,0.4283522373110712,0.5464370432892722,0.5664294969199434,0.5725295246435793
920,0.43184593231328894,0.5378144646353342,0.5664294969199434,0.5725295246435793
921,0.42843319768535304,0.5438195493279319,0.5664294969199434,0.5725295246435793
922,0.4340525955415306,0.5393085598641324,0.5664294969199434,0.5725295246435793
923,0.4340525955415306,0.5357363050836719,0.5714356201665135,0.5725295246435793
924,0.4340525955415306,0.5357363050836719,0.5505279499912608,0.5937094184360987
925,0.4340525955415306,0.5397759288898295,0.5505279499912608,0.5855426603137265
926,0.4340525955415306,0.5415937325183614,0.548948964789661,0.5855426603137265
927,0.4340525955415306,0.5476293230280322,0.548948964789661,0.5815435497206929
928,0.4340525955415306,0.546039528113988,0.5476293230280322,0.5842680225533629
929,0.4340525955415306,0.5476293230280322,0.5517473317971977,0.5782700978422445
930,0.4514148278566688,0.5333418654380436,0.5476293230280322,0.5782700978422445
931,0.42976792831500693,0.5476293230280322,0.5508781567259705,0.5782700978422445
932,0.42976792831500693,0.5471851964051297,0.5476293230280322,0.5826756520969516
933,0.42868429751177733,0.5471851964051297,0.5542155682165387,0.5826756520969516
934,0.42868429751177733,0.5477901159626575,0.5533997188901366,0.5826756520969516
935,0.42868429751177733,0.5480150146651335,0.5533536858428934,0.5826756520969516
936,0.42868429751177733,0.5474251449552917,0.5480150146651335,0.587302443894434
937,0.43171108404000325,0.5474251449552917,0.5474954634517057,0.587302443894434
938,0.43171108404000325,0.5474251449552917,0.5493652558368022,0.5855202976282443
939,0.43171108404000325,0.5474251449552917,0.5485126508538463,0.5866806930693069
940,0.4329243681681715,0.5409717113285698,0.5485126508538463,0.5866806930693069
941,0.4329243681681715,0.5409717113285698,0.5485336681147012,0.5857591334546536
942,0.4329243681681715,0.5409717113285698,0.5462593081973594,0.5888577291212368
943,0.4527642766248889,0.5295347662577955,0.5409717113285698,0.5888577291212368
944,0.4444615044305362,0.5295347662577955,0.552563379104228,0.5888577291212368
945,0.4444615044305362,0.5295347662577955,0.5708152153183049,0.5716401453793066
946,0.4444615044305362,0.5295347662577955,0.5708152153183049,0.5716401453793066
947,0.4303569562036166,0.5432506111641048,0.5708152153183049,0.5716401453793066
948,0.43058914828946515,0.5441720488995495,0.5708152153183049,0.5716401453793066
949,0.43058914828946515,0.5441720488995495,0.5502643843919159,0.5910358876367228
950,0.43058914828946515,0.5441720488995495,0.5636807428313444,0.5795597281715997
951,0.43058914828946515,0.5441720488995495,0.5455965543671116,0.5947624045102873
952,0.43058914828946515,0.5441720488995495,0.5656044589850936,0.577053801525447
953,0.43058914828946515,0.5441720488995495,0.5616747524423473,0.5799270357417708
954,0.42855840403890755,0.5361565572428669,0.5616747524423473,0.5799270357417708
955,0.42855840403890755,0.539870085267353,0.5570862070748327,0.5799270357417708
956,0.45074732193559414,0.5227216624973597,0.5570862070748327,0.5799270357417708
957,0.45074732193559414,0.5227216624973597,0.5391892383581011,0.5964999006479691
958,0.45074732193559414,0.523728913697395,0.538024673559336,0.5964999006479691
959,0.4509431143823246,0.523728913697395,0.5390745145548683,0.5964999006479691
960,0.42489314891887725,0.5390745145548683,0.5448571564054377,0.5964999006479691
961,0.42991711630935414,0.5390745145548683,0.5455602409953337,0.5964999006479691
962,0.42991711630935414,0.5370193953450111,0.547448971720382,0.5964999006479691
963,0.4304982903603637,0.5381671669323064,0.547448971720382,0.5964999006479691
964,0.4304982903603637,0.5388570010573334,0.5467900380757968,0.5964999006479691
965,0.4304982903603637,0.5400017607377491,0.5455945040772701,0.5964999006479691
966,0.4304982903603637,0.5369555315452735,0.5488119260172368,0.5964999006479691
967,0.4304982903603637,0.5488119260172368,0.5529020472440945,0.5833280378226555
968,0.4304982903603637,0.5417887700735499,0.5604882819192821,0.5833280378226555
969,0.4304982903603637,0.5454436664544876,0.5604882819192821,0.57903152466659
970,0.43039326460055055,0.5454436664544876,0.5522785822155103,0.57903152466659
971,0.4308294486950937,0.5469268812807486,0.5522785822155103,0.57903152466659
972,0.430433739436432,0.5469268812807486,0.55695795030072,0.57903152466659
973,0.4310032185796632,0.5469268812807486,0.5548081167316157,0.57903152466659
974,0.4310032185796632,0.5507208963122636,0.5511113808125937,0.57903152466659
975,0.4310032185796632,0.5343587179827679,0.5511113808125937,0.5943697778835003
976,0.43151899689494566,0.5341206321362006,0.5511113808125937,0.5943697778835003
977,0.43151899689494566,0.5341206321362006,0.5607748400662104,0.5853164850510566
978,0.4309440303765964,0.5341206321362006,0.5629689667063529,0.5853164850510566
979,0.43151899689494566,0.5341206321362006,0.5607748400662104,0.5853164850510566
980,0.43151899689494566,0.5341206321362006,0.5653869734474457,0.580596185798421
981,0.43151899689494566,0.5341206321362006,0.5527467804326717,0.5910052421255599
982,0.43121068973046667,0.5356542826348824,0.5527467804326717,0.5910052421255599
983,0.43121068973046667,0.5356542826348824,0.5532788319707993,0.5926841919309613
984,0.43317746957839964,0.5356542826348824,0.556031437654539,0.5926841919309613
985,0.43317746957839964,0.5356542826348824,0.556031437654539,0.5926841919309613
986,0.43305061688345664,0.5335892663254227,0.556031437654539,0.5926841919309613
987,0.43305061688345664,0.533460615851569,0.555085982927131,0.5926841919309613
988,0.43305061688345664,0.533460615851569,0.5534135303446408,0.5927651912689319
989,0.43305061688345664,0.533460615851569,0.5580130031874696,0.5878391597347772
990,0.43305061688345664,0.5580130031874696,0.5610475260844717,0.564131989195106
991,0.43305061688345664,0.5549355422280048,0.5610475260844717,0.5672869876320781
992,0.44137285574853263,0.544478360267233,0.5610475260844717,0.5672869876320781
993,0.4375077348874363,0.5432024549989577,0.5610475260844717,0.5672869876320781
994,0.4375077348874363,0.5432024549989577,0.5553081878148887,0.5727620859185902
995,0.4375077348874363,0.5435497646233465,0.5544028458272591,0.5727620859185902
996,0.42666396754303837,0.5533942070775263,0.5544028458272591,0.5727620859185902
997,0.4293739630804125,0.5533942070775263,0.5601563278166005,0.5727620859185902
998,0.4269451748782076,0.5533942070775263,0.5567963101908894,0.5727620859185902
999,0.4269451748782076,0.5533942070775263,0.5567963101908894,0.5727620859185902
